TrailId,Time,Latitude,Longitude,Altitude,Distance,HeartRate
8836580877,2023-04-05T15:39:18.000+03:00,44.41579715329296,26.073503824941525,449.8,0.0,119
8836580877,2023-04-05T15:39:23.000+03:00,44.41579715329296,26.073503824941525,449.8,0.27,119
8836580877,2023-04-05T15:39:28.000+03:00,44.41579715329296,26.073503824941525,449.8,4.21,121
8836580877,2023-04-05T15:39:33.000+03:00,44.41579715329296,26.073503824941525,449.8,10.540000000000001,120
8836580877,2023-04-05T15:39:38.000+03:00,44.41579715329296,26.073503824941525,449.8,18.71,120
8836580877,2023-04-05T15:39:43.000+03:00,44.41579715329296,26.073503824941525,449.8,27.32,120
8836580877,2023-04-05T15:39:48.000+03:00,44.41579715329296,26.073503824941525,449.8,35.99,122
8836580877,2023-04-05T15:39:53.000+03:00,44.41579715329296,26.073503824941525,449.8,44.6,123
8836580877,2023-04-05T15:39:58.000+03:00,44.41579715329296,26.073503824941525,449.8,53.24,118
8836580877,2023-04-05T15:40:03.000+03:00,44.41579715329296,26.073503824941525,449.8,61.82000000000001,118
8836580877,2023-04-05T15:40:08.000+03:00,44.41579715329296,26.073503824941525,449.8,70.34,117
8836580877,2023-04-05T15:40:13.000+03:00,44.41579715329296,26.073503824941525,449.8,78.80000000000001,116
8836580877,2023-04-05T15:40:18.000+03:00,44.41579715329296,26.073503824941525,449.8,87.25000000000001,116
8836580877,2023-04-05T15:40:23.000+03:00,44.41579715329296,26.073503824941525,449.8,95.72000000000001,115
8836580877,2023-04-05T15:40:28.000+03:00,44.41579715329296,26.073503824941525,449.8,104.13000000000001,116
8836580877,2023-04-05T15:40:33.000+03:00,44.41579715329296,26.073503824941525,449.8,112.55000000000001,118
8836580877,2023-04-05T15:40:38.000+03:00,44.41579715329296,26.073503824941525,449.8,120.97000000000001,118
8836580877,2023-04-05T15:40:43.000+03:00,44.41579715329296,26.073503824941525,449.8,129.33,117
8836580877,2023-04-05T15:40:48.000+03:00,44.41579715329296,26.073503824941525,449.8,137.27,113
8836580877,2023-04-05T15:40:53.000+03:00,44.41579715329296,26.073503824941525,449.8,145.46,112
8836580877,2023-04-05T15:40:58.000+03:00,44.41579715329296,26.073503824941525,449.8,153.72000000000003,113
8836580877,2023-04-05T15:41:03.000+03:00,44.41579715329296,26.073503824941525,449.8,161.95000000000002,113
8836580877,2023-04-05T15:41:07.000+03:00,44.41579715329296,26.073503824941525,449.8,168.52,113
8836580877,2023-04-05T15:41:08.000+03:00,44.4157971532908,26.073503824935532,462.6,170.16,113
8836580877,2023-04-05T15:41:09.000+03:00,44.41579626313653,26.07350060394578,474.8,171.8,113
8836580877,2023-04-05T15:41:10.000+03:00,44.415794552525604,26.073493166018594,485.8,173.45000000000002,114
8836580877,2023-04-05T15:41:11.000+03:00,44.41579209810639,26.0734808780618,496.3,175.11,114
8836580877,2023-04-05T15:41:12.000+03:00,44.415789089569735,26.07346277815945,506.0,176.8,113
8836580877,2023-04-05T15:41:13.000+03:00,44.415785762409314,26.073437880111374,513.1,178.49,113
8836580877,2023-04-05T15:41:14.000+03:00,44.41578236251811,26.073404840852785,518.8,180.19000000000003,113
8836580877,2023-04-05T15:41:15.000+03:00,44.415779103594836,26.073362600347952,523.1,181.88000000000002,113
8836580877,2023-04-05T15:41:16.000+03:00,44.41577641928658,26.0733085820519,526.8,183.57000000000002,113
8836580877,2023-04-05T15:41:17.000+03:00,44.41577474074716,26.07324201581233,527.79,185.27,113
8836580877,2023-04-05T15:41:18.000+03:00,44.415774571442675,26.07316142450486,525.0,186.93,113
8836580877,2023-04-05T15:41:19.000+03:00,44.41577642850277,26.073066195620772,510.99,188.59,113
8836580877,2023-04-05T15:41:20.000+03:00,44.41577897915538,26.0729672996677,474.6,190.24,115
8836580877,2023-04-05T15:41:21.000+03:00,44.415782401267656,26.07286400239551,401.6666666666667,191.9,116
8836580877,2023-04-05T15:41:22.000+03:00,44.41578656362173,26.072757594327552,328.73333333333335,193.55000000000004,115
8836580877,2023-04-05T15:41:23.000+03:00,44.41579134304674,26.072649305538505,255.8,195.21000000000004,115
8836580877,2023-04-05T15:41:24.000+03:00,44.41579662348744,26.072540313894468,255.8,196.87,114
8836580877,2023-04-05T15:41:25.000+03:00,44.415802372413786,26.07243100015942,264.6,198.52000000000004,114
8836580877,2023-04-05T15:41:26.000+03:00,44.41580865078951,26.07232154621108,274.3,200.18000000000004,114
8836580877,2023-04-05T15:41:27.000+03:00,44.41581558808933,26.072212103869266,283.8,201.83,113
8836580877,2023-04-05T15:41:28.000+03:00,44.41582350241554,26.07210179385902,291.1,203.48000000000002,113
8836580877,2023-04-05T15:41:29.000+03:00,44.415832689396495,26.07199015027796,297.0,205.14000000000001,113
8836580877,2023-04-05T15:41:30.000+03:00,44.415843606341376,26.07187603112578,297.6,206.8,113
8836580877,2023-04-05T15:41:31.000+03:00,44.41585666353622,26.071759057156807,284.5,208.46,113
8836580877,2023-04-05T15:41:32.000+03:00,44.415871433485904,26.071640060266855,271.40000000000003,210.13000000000002,113
8836580877,2023-04-05T15:41:33.000+03:00,44.41588762926306,26.07151957367143,258.3,211.78000000000003,113
8836580877,2023-04-05T15:41:34.000+03:00,44.41590504774594,26.07139795692578,245.2,213.44000000000003,113
8836580877,2023-04-05T15:41:35.000+03:00,44.41592353894451,26.071275462397193,232.1,215.09000000000003,114
8836580877,2023-04-05T15:41:36.000+03:00,44.415942988253384,26.071152273061948,194.3,216.74,114
8836580877,2023-04-05T15:41:37.000+03:00,44.41596335902322,26.071028969375615,149.3,218.39000000000001,115
8836580877,2023-04-05T15:41:38.000+03:00,44.415984144938726,26.070906216796867,123.1,220.04000000000002,115
8836580877,2023-04-05T15:41:39.000+03:00,44.41600477807185,26.07078500250713,106.6,221.69000000000003,114
8836580877,2023-04-05T15:41:40.000+03:00,44.41602497945754,26.070665972248044,92.99,223.34,114
8836580877,2023-04-05T15:41:41.000+03:00,44.41604440076555,26.070550145596975,81.09,224.98000000000002,113
8836580877,2023-04-05T15:41:42.000+03:00,44.41606286762328,26.070438518766583,69.49,226.65,113
8836580877,2023-04-05T15:41:43.000+03:00,44.41608002906215,26.070332708567573,60.09,228.31,113
8836580877,2023-04-05T15:41:44.000+03:00,44.416095854562876,26.07023394867343,52.09,230.05000000000004,113
8836580877,2023-04-05T15:41:45.000+03:00,44.41611037074546,26.07014386771516,46.6,231.89000000000001,113
8836580877,2023-04-05T15:41:46.000+03:00,44.416123513757945,26.07006418666819,43.1,233.77,114
8836580877,2023-04-05T15:41:47.000+03:00,44.416134956658965,26.069998035302604,39.6,235.74000000000004,114
8836580877,2023-04-05T15:41:48.000+03:00,44.41614411615596,26.069948629528348,37.6,237.84000000000003,115
8836580877,2023-04-05T15:41:49.000+03:00,44.41615012233507,26.069919524996198,104.35,239.57000000000002,116
8836580877,2023-04-05T15:41:50.000+03:00,44.41615481444218,26.06989774463826,171.1,241.25000000000003,116
8836580877,2023-04-05T15:41:51.000+03:00,44.416158745622944,26.06987968750339,173.3,243.02,116
8836580877,2023-04-05T15:41:52.000+03:00,44.41616215866708,26.06986430690536,172.8,244.77,116
8836580877,2023-04-05T15:41:53.000+03:00,44.41616500332519,26.069850165155525,173.6,246.44000000000003,116
8836580877,2023-04-05T15:41:54.000+03:00,44.41616704231642,26.069837883671482,178.0,248.10000000000002,116
8836580877,2023-04-05T15:41:55.000+03:00,44.41616799525296,26.069829452569245,182.8,249.77,116
8836580877,2023-04-05T15:41:56.000+03:00,44.416167558561796,26.069826210316354,190.3,251.43000000000004,117
8836580877,2023-04-05T15:41:57.000+03:00,44.416165552328515,26.069828586820876,197.5,253.09000000000003,117
8836580877,2023-04-05T15:41:58.000+03:00,44.416161911815365,26.069837769734473,204.6,254.77,117
8836580877,2023-04-05T15:41:59.000+03:00,44.41615668288576,26.06985353143976,212.5,256.43000000000006,117
8836580877,2023-04-05T15:42:00.000+03:00,44.416150014996155,26.069873406833036,220.5,256.43000000000006,117
8836580877,2023-04-05T15:42:01.000+03:00,44.41614209791425,26.069896200282606,227.6,258.11,117
8836580877,2023-04-05T15:42:02.000+03:00,44.41613317553144,26.069922300839373,233.8,259.82,117
8836580877,2023-04-05T15:42:03.000+03:00,44.416123339019165,26.06995255232673,237.8,261.54,117
8836580877,2023-04-05T15:42:04.000+03:00,44.416112754579736,26.06998721100601,240.5,263.3,117
8836580877,2023-04-05T15:42:05.000+03:00,44.41610162220989,26.070026741716788,242.1,265.07000000000005,116
8836580877,2023-04-05T15:42:06.000+03:00,44.416090287268304,26.07007152533653,242.1,266.79,116
8836580877,2023-04-05T15:42:07.000+03:00,44.416079350246655,26.070120295700725,241.1,268.52000000000004,115
8836580877,2023-04-05T15:42:08.000+03:00,44.41606881246392,26.070173012135704,232.7875,270.26,115
8836580877,2023-04-05T15:42:09.000+03:00,44.416058510397484,26.07022828466295,224.475,272.0,115
8836580877,2023-04-05T15:42:10.000+03:00,44.416048330458146,26.070285151409497,216.1625,273.83000000000004,115
8836580877,2023-04-05T15:42:11.000+03:00,44.41603819105207,26.07034292461837,207.85,275.7,115
8836580877,2023-04-05T15:42:12.000+03:00,44.41602803182871,26.070401098370095,199.5375,277.47,115
8836580877,2023-04-05T15:42:13.000+03:00,44.41601780697912,26.070459291084816,191.225,279.21000000000004,115
8836580877,2023-04-05T15:42:14.000+03:00,44.41600748091629,26.07051720847499,182.9125,280.94,115
8836580877,2023-04-05T15:42:15.000+03:00,44.41599702540837,26.070574618969832,174.6,282.66,115
8836580877,2023-04-05T15:42:16.000+03:00,44.41598641762673,26.070631336991205,166.2875,284.37,115
8836580877,2023-04-05T15:42:17.000+03:00,44.415975638786435,26.07068721131232,157.975,286.07000000000005,115
8836580877,2023-04-05T15:42:18.000+03:00,44.41596467317994,26.07074211678953,149.6625,287.77000000000004,115
8836580877,2023-04-05T15:42:19.000+03:00,44.41595350747772,26.070795948382532,141.35,289.46000000000004,115
8836580877,2023-04-05T15:42:20.000+03:00,44.41594213021354,26.070848616758333,133.0375,291.16,114
8836580877,2023-04-05T15:42:21.000+03:00,44.4159305314001,26.070900045011086,124.725,292.84000000000003,114
8836580877,2023-04-05T15:42:22.000+03:00,44.41591870223795,26.070950166181202,116.4125,294.54,114
8836580877,2023-04-05T15:42:23.000+03:00,44.415906634892245,26.07099892135536,108.1,296.2300000000001,113
8836580877,2023-04-05T15:42:24.000+03:00,44.41589432231961,26.071046258194727,116.6,297.93,113
8836580877,2023-04-05T15:42:25.000+03:00,44.41588177231232,26.07109223282349,124.6,299.63,114
8836580877,2023-04-05T15:42:26.000+03:00,44.41586908344178,26.071136556695915,133.79,301.32000000000005,115
8836580877,2023-04-05T15:42:27.000+03:00,44.41585643881292,26.071178680972558,144.29,303.01,115
8836580877,2023-04-05T15:42:28.000+03:00,44.415844017360655,26.07121775137426,150.1,304.71000000000004,115
8836580877,2023-04-05T15:42:29.000+03:00,44.41583204724064,26.07125299088313,157.36923076923077,306.44000000000005,115
8836580877,2023-04-05T15:42:30.000+03:00,44.415820479660724,26.07128497119355,164.63846153846154,308.13,115
8836580877,2023-04-05T15:42:31.000+03:00,44.41580927296568,26.071314188066193,171.9076923076923,309.81,114
8836580877,2023-04-05T15:42:32.000+03:00,44.415798391480415,26.071341073759996,179.17692307692306,311.5,114
8836580877,2023-04-05T15:42:33.000+03:00,44.41578780456439,26.07136600719318,186.44615384615383,313.19,113
8836580877,2023-04-05T15:42:34.000+03:00,44.41577748583465,26.07138932229132,193.7153846153846,314.88000000000005,113
8836580877,2023-04-05T15:42:35.000+03:00,44.41576741252427,26.07141131487975,200.98461538461538,316.56,113
8836580877,2023-04-05T15:42:36.000+03:00,44.41575756495,26.071432248400793,208.25384615384615,318.25000000000006,113
8836580877,2023-04-05T15:42:37.000+03:00,44.41574792606878,26.071452358677345,215.52307692307693,319.94,113
8836580877,2023-04-05T15:42:38.000+03:00,44.415738481106416,26.071471857898754,222.7923076923077,321.63000000000005,113
8836580877,2023-04-05T15:42:39.000+03:00,44.41572921724565,26.07149093796943,230.06153846153848,323.31000000000006,112
8836580877,2023-04-05T15:42:40.000+03:00,44.415720123362966,26.07150977333302,237.33076923076922,325.0,112
8836580877,2023-04-05T15:42:41.000+03:00,44.41571118980575,26.071528523363042,244.6,326.68,111
8836580877,2023-04-05T15:42:42.000+03:00,44.41570240820288,26.07154733439366,248.6,328.36,111
8836580877,2023-04-05T15:42:43.000+03:00,44.415693896463466,26.07156641472546,253.8,330.04,111
8836580877,2023-04-05T15:42:44.000+03:00,44.41568580246278,26.071585241504916,257.5,331.72,111
8836580877,2023-04-05T15:42:45.000+03:00,44.415678144157205,26.071603660955606,261.5,333.40000000000003,112
8836580877,2023-04-05T15:42:46.000+03:00,44.41567098755587,26.07162134073604,267.3,335.1,112
8836580877,2023-04-05T15:42:47.000+03:00,44.415664540212596,26.071637832258094,274.1,336.78000000000003,112
8836580877,2023-04-05T15:42:48.000+03:00,44.41565916516623,26.07165303498521,282.1,338.46000000000004,112
8836580877,2023-04-05T15:42:49.000+03:00,44.415655101203754,26.07166585814394,289.5,340.14000000000004,112
8836580877,2023-04-05T15:42:50.000+03:00,44.41565248251861,26.071675151652414,296.6,341.82,112
8836580877,2023-04-05T15:42:51.000+03:00,44.41565127335832,26.07168025039284,303.5,343.57000000000005,112
8836580877,2023-04-05T15:42:56.000+03:00,44.41542006368708,26.071879182934687,288.1078431372549,352.52000000000004,112
8836580877,2023-04-05T15:43:01.000+03:00,44.41518885401584,26.072078115476533,272.71568627450984,361.12000000000006,111
8836580877,2023-04-05T15:43:06.000+03:00,44.4149576443446,26.07227704801838,257.32352941176475,369.70000000000005,111
8836580877,2023-04-05T15:43:11.000+03:00,44.414726434673355,26.07247598056022,241.93137254901964,378.23,111
8836580877,2023-04-05T15:43:16.000+03:00,44.41449522500211,26.072674913102066,226.53921568627453,386.79,111
8836580877,2023-04-05T15:43:21.000+03:00,44.41426401533087,26.07287384564391,211.14705882352942,395.37000000000006,113
8836580877,2023-04-05T15:43:26.000+03:00,44.41403280565962,26.073072778185754,195.7549019607843,403.9200000000001,113
8836580877,2023-04-05T15:43:31.000+03:00,44.41380159598838,26.073271710727596,180.36274509803923,412.44000000000005,112
8836580877,2023-04-05T15:43:36.000+03:00,44.41357038631713,26.07347064326944,164.97058823529412,420.95000000000005,113
8836580877,2023-04-05T15:43:41.000+03:00,44.41333917664589,26.073669575811287,149.578431372549,429.42,116
8836580877,2023-04-05T15:43:42.000+03:00,44.41329293471164,26.073709362319654,146.5,431.11000000000007,118
8836580877,2023-04-05T15:43:43.000+03:00,44.41329293470974,26.073709362298665,153.6,432.81,119
8836580877,2023-04-05T15:43:44.000+03:00,44.413292032750036,26.073698879977165,160.1,434.50000000000006,119
8836580877,2023-04-05T15:43:45.000+03:00,44.413290215217714,26.073676823537454,165.1,436.20000000000005,117
8836580877,2023-04-05T15:43:46.000+03:00,44.413287483094024,26.073642372896636,168.85,437.89000000000004,117
8836580877,2023-04-05T15:43:47.000+03:00,44.413283986133024,26.073597059786376,172.6,439.58000000000004,118
8836580877,2023-04-05T15:43:48.000+03:00,44.413279858709686,26.073542237855204,176.35,441.2800000000001,118
8836580877,2023-04-05T15:43:49.000+03:00,44.4132752220776,26.073479107706746,180.1,442.98,119
8836580877,2023-04-05T15:43:50.000+03:00,44.41327018628821,26.073408738158115,183.85,444.68,119
8836580877,2023-04-05T15:43:51.000+03:00,44.41326485182753,26.073332084341303,187.6,446.39,119
8836580877,2023-04-05T15:43:52.000+03:00,44.413259311016134,26.073250003159803,191.35,448.1000000000001,119
8836580877,2023-04-05T15:43:53.000+03:00,44.413253649210205,26.07316326652304,195.1,449.81000000000006,118
8836580877,2023-04-05T15:43:54.000+03:00,44.413247945835124,26.073072572708437,198.85,451.51000000000005,118
8836580877,2023-04-05T15:43:55.000+03:00,44.41324227527746,26.072978556141564,202.6,453.21000000000004,117
8836580877,2023-04-05T15:43:56.000+03:00,44.41323670765708,26.07288179583616,206.35,454.9200000000001,117
8836580877,2023-04-05T15:43:57.000+03:00,44.41323130949749,26.072782822695995,210.1,456.62,117
8836580877,2023-04-05T15:43:58.000+03:00,44.41322614430949,26.07268212584772,204.5,458.32000000000005,117
8836580877,2023-04-05T15:43:59.000+03:00,44.41322106608598,26.07258000901142,208.55,460.03000000000003,117
8836580877,2023-04-05T15:44:00.000+03:00,44.41321604122295,26.072476955988588,212.6,461.74000000000007,117
8836580877,2023-04-05T15:44:01.000+03:00,44.413211040289845,26.072373390166888,219.5,463.45000000000005,117
8836580877,2023-04-05T15:44:02.000+03:00,44.41320609867969,26.07226946430714,226.4,465.16,117
8836580877,2023-04-05T15:44:03.000+03:00,44.413201255783726,26.072165346613748,233.3,466.86000000000007,117
8836580877,2023-04-05T15:44:04.000+03:00,44.41319655567325,26.07206122337129,239.8,468.57000000000005,117
8836580877,2023-04-05T15:44:05.000+03:00,44.41319205933424,26.071957413723663,245.3,470.27000000000004,117
8836580877,2023-04-05T15:44:06.000+03:00,44.413187724978556,26.071853707477544,250.1,471.9700000000001,118
8836580877,2023-04-05T15:44:07.000+03:00,44.413183644161506,26.071750375215025,254.0,473.67,118
8836580877,2023-04-05T15:44:08.000+03:00,44.41317992070631,26.071647765100888,257.3,475.39000000000004,118
8836580877,2023-04-05T15:44:09.000+03:00,44.413176640209244,26.07154643236472,259.0,477.1,118
8836580877,2023-04-05T15:44:10.000+03:00,44.41317387944331,26.071447174836624,257.1,478.83000000000004,118
8836580877,2023-04-05T15:44:11.000+03:00,44.41317164993288,26.071351414091602,250.1,480.55,118
8836580877,2023-04-05T15:44:12.000+03:00,44.41316963594742,26.071261720094295,238.5,482.26000000000005,117
8836580877,2023-04-05T15:44:13.000+03:00,44.41316717513847,26.0711816366666,243.63636363636363,483.96000000000004,117
8836580877,2023-04-05T15:44:14.000+03:00,44.41316439339349,26.0711094847787,248.77272727272728,485.6700000000001,117
8836580877,2023-04-05T15:44:15.000+03:00,44.4131613820826,26.071044047655924,253.9090909090909,487.37,117
8836580877,2023-04-05T15:44:16.000+03:00,44.413158209123935,26.07098442246617,259.04545454545456,489.07000000000005,116
8836580877,2023-04-05T15:44:17.000+03:00,44.413154926053366,26.070929925577943,264.1818181818182,490.78000000000003,115
8836580877,2023-04-05T15:44:18.000+03:00,44.413151572684676,26.07088003012082,269.3181818181818,492.48,115
8836580877,2023-04-05T15:44:19.000+03:00,44.41314818026601,26.070834323703902,274.45454545454544,494.18000000000006,114
8836580877,2023-04-05T15:44:20.000+03:00,44.413144773669245,26.070792479095505,279.5909090909091,495.89000000000004,114
8836580877,2023-04-05T15:44:21.000+03:00,44.41314137294093,26.07075423345896,284.72727272727275,497.59000000000003,113
8836580877,2023-04-05T15:44:22.000+03:00,44.41313799442174,26.070719373369762,289.8636363636364,499.2900000000001,114
8836580877,2023-04-05T15:44:23.000+03:00,44.41313465156827,26.07068772382149,295.0,500.99000000000007,115
8836580877,2023-04-05T15:44:24.000+03:00,44.41313135556539,26.070659140035545,301.1,502.71,115
8836580877,2023-04-05T15:44:25.000+03:00,44.41312818252848,26.070634594034114,304.1,504.4200000000001,114
8836580877,2023-04-05T15:44:26.000+03:00,44.413125260142266,26.070614075943247,307.1,506.13000000000005,114
8836580877,2023-04-05T15:44:27.000+03:00,44.41312270800511,26.070597592507593,310.1,507.87000000000006,114
8836580877,2023-04-05T15:44:28.000+03:00,44.41312063877332,26.07058516538222,313.1,509.6000000000001,114
8836580877,2023-04-05T15:44:29.000+03:00,44.413119159146746,26.070576829664134,316.1,511.34000000000003,114
8836580877,2023-04-05T15:44:30.000+03:00,44.41311837072009,26.070572632626792,319.1,513.07,115
8836580877,2023-04-05T15:44:35.000+03:00,44.41329284202502,26.070144280435994,298.8019230769231,521.64,115
8836580877,2023-04-05T15:44:40.000+03:00,44.41346731332995,26.069715928245195,278.5038461538462,530.19,115
8836580877,2023-04-05T15:44:45.000+03:00,44.41364178463488,26.069287576054396,258.2057692307693,538.71,115
8836580877,2023-04-05T15:44:50.000+03:00,44.413816255939814,26.068859223863598,237.90769230769237,547.22,115
8836580877,2023-04-05T15:44:55.000+03:00,44.41399072724475,26.068430871672795,217.60961538461544,555.7500000000001,114
8836580877,2023-04-05T15:45:00.000+03:00,44.41416519854968,26.068002519481997,197.3115384615385,564.34,115
8836580877,2023-04-05T15:45:05.000+03:00,44.41433966985462,26.067574167291195,177.01346153846157,572.89,115
8836580877,2023-04-05T15:45:10.000+03:00,44.41451414115955,26.067145815100396,156.71538461538464,581.45,113
8836580877,2023-04-05T15:45:15.000+03:00,44.41468861246449,26.066717462909594,136.4173076923077,589.96,114
8836580877,2023-04-05T15:45:20.000+03:00,44.41486308376942,26.066289110718795,116.11923076923077,598.48,113
8836580877,2023-04-05T15:45:22.000+03:00,44.414932872291395,26.066117769842474,108.0,601.8800000000001,114
8836580877,2023-04-05T15:45:23.000+03:00,44.41493287229376,26.066117769838318,90.3,603.59,114
8836580877,2023-04-05T15:45:24.000+03:00,44.41493594063938,26.066113535628336,86.8,605.29,116
8836580877,2023-04-05T15:45:25.000+03:00,44.4149412755168,26.0661053127499,83.3,606.99,115
8836580877,2023-04-05T15:45:26.000+03:00,44.41494795710553,26.066093360474852,94.3,608.69,115
8836580877,2023-04-05T15:45:27.000+03:00,44.414956335829395,26.066077552493034,104.5,610.4000000000001,115
8836580877,2023-04-05T15:45:28.000+03:00,44.414965087991874,26.066058664068606,114.0,612.1000000000001,116
8836580877,2023-04-05T15:45:29.000+03:00,44.41497351383137,26.06603742680162,118.3,613.84,115
8836580877,2023-04-05T15:45:30.000+03:00,44.41498046596882,26.06601424430478,119.0,615.58,115
8836580877,2023-04-05T15:45:31.000+03:00,44.414984905679404,26.065989459850332,129.1,617.35,115
8836580877,2023-04-05T15:45:32.000+03:00,44.41498787505763,26.065963422435235,141.29,619.1500000000001,115
8836580877,2023-04-05T15:45:33.000+03:00,44.414989879649085,26.06593610023467,146.29,620.9800000000001,115
8836580877,2023-04-05T15:45:34.000+03:00,44.41499303959642,26.065906228045108,153.1,622.75,115
8836580877,2023-04-05T15:45:35.000+03:00,44.414997316052855,26.065874138348256,158.1,624.5400000000001,115
8836580877,2023-04-05T15:45:36.000+03:00,44.4150017518471,26.065840842956533,161.3,626.33,115
8836580877,2023-04-05T15:45:37.000+03:00,44.41500615778282,26.065806986522183,166.3,628.1600000000001,115
8836580877,2023-04-05T15:45:38.000+03:00,44.41501014520933,26.065772967120452,173.6,630.05,115
8836580877,2023-04-05T15:45:39.000+03:00,44.4150124534821,26.06573978141247,180.3,632.0100000000001,115
8836580877,2023-04-05T15:45:40.000+03:00,44.41501209408225,26.065708240123687,185.8,634.02,115
8836580877,2023-04-05T15:45:41.000+03:00,44.41500795234555,26.065679244180945,190.8,636.1300000000001,115
8836580877,2023-04-05T15:45:42.000+03:00,44.41500100459525,26.0656523042135,194.6,638.33,115
8836580877,2023-04-05T15:45:43.000+03:00,44.41499310651919,26.065626117905765,197.3,640.6,116
8836580877,2023-04-05T15:45:44.000+03:00,44.41498468748702,26.065600422806174,201.0,642.9100000000001,116
8836580877,2023-04-05T15:45:45.000+03:00,44.41497581750903,26.06557520081986,205.8,645.2300000000001,117
8836580877,2023-04-05T15:45:46.000+03:00,44.414966628075966,26.065550429539865,212.6,647.5600000000001,117
8836580877,2023-04-05T15:45:47.000+03:00,44.41495719406571,26.065526141909253,220.5,649.8900000000001,118
8836580877,2023-04-05T15:45:48.000+03:00,44.41494746527334,26.06550243901022,228.1,652.2300000000001,118
8836580877,2023-04-05T15:45:49.000+03:00,44.41493744309644,26.065479403490958,235.0,654.57,118
8836580877,2023-04-05T15:45:50.000+03:00,44.414927138737966,26.06545716848011,243.70000000000002,656.9100000000001,118
8836580877,2023-04-05T15:45:51.000+03:00,44.41491661603973,26.065435832983063,252.4,659.2600000000001,118
8836580877,2023-04-05T15:45:52.000+03:00,44.41490594473478,26.06541551127161,261.1,661.61,118
8836580877,2023-04-05T15:45:53.000+03:00,44.414895201608914,26.065396335745127,265.3,663.46,118
8836580877,2023-04-05T15:45:54.000+03:00,44.414884766586766,26.06537836735069,274.16,665.2600000000001,117
8836580877,2023-04-05T15:45:55.000+03:00,44.414874901101705,26.065361679165758,283.02000000000004,667.0500000000001,117
8836580877,2023-04-05T15:45:56.000+03:00,44.41486589121122,26.065346359974864,291.88,668.8900000000001,116
8836580877,2023-04-05T15:45:57.000+03:00,44.41485805244036,26.06533251673209,300.74,670.69,116
8836580877,2023-04-05T15:45:58.000+03:00,44.414851735553064,26.065320277510114,309.6,672.47,116
8836580877,2023-04-05T15:45:59.000+03:00,44.41484733345607,26.065309795043007,309.1,674.24,116
8836580877,2023-04-05T15:46:00.000+03:00,44.41484433178393,26.065301770580874,309.3,676.0200000000001,116
8836580877,2023-04-05T15:46:01.000+03:00,44.41484289331804,26.065297104968405,309.3,677.7700000000001,116
8836580877,2023-04-05T15:46:06.000+03:00,44.414755548194954,26.065156755955833,314.3,686.67,115
8836580877,2023-04-05T15:46:11.000+03:00,44.41466820307187,26.06501640694326,319.3,695.49,114
8836580877,2023-04-05T15:46:16.000+03:00,44.41458085794879,26.06487605793069,324.3,704.32,113
8836580877,2023-04-05T15:46:21.000+03:00,44.414493512825715,26.064735708918118,329.3,713.13,115
8836580877,2023-04-05T15:46:26.000+03:00,44.41440616770263,26.064595359905546,334.3,721.92,116
8836580877,2023-04-05T15:46:28.000+03:00,44.4143712296534,26.064539220300517,336.3,725.44,117
8836580877,2023-04-05T15:46:29.000+03:00,44.414371229653945,26.064539220302976,242.6,727.1900000000002,117
8836580877,2023-04-05T15:46:30.000+03:00,44.414371009374285,26.06454161106504,192.3,728.94,116
8836580877,2023-04-05T15:46:31.000+03:00,44.414370374182326,26.0645449249456,171.45,730.69,116
8836580877,2023-04-05T15:46:32.000+03:00,44.41436960639305,26.064548677011064,150.6,732.44,115
8836580877,2023-04-05T15:46:33.000+03:00,44.4143688914832,26.064552547190814,127.6,734.19,115
8836580877,2023-04-05T15:46:34.000+03:00,44.41436812692266,26.064556220415913,122.99499999999999,735.94,116
8836580877,2023-04-05T15:46:35.000+03:00,44.41436736159258,26.064559698895373,118.39,737.7,116
8836580877,2023-04-05T15:46:36.000+03:00,44.41436664520804,26.064562982641466,113.785,739.46,116
8836580877,2023-04-05T15:46:37.000+03:00,44.41436602891151,26.06456606941268,109.17999999999999,741.2200000000001,116
8836580877,2023-04-05T15:46:38.000+03:00,44.41436556590341,26.06456895462881,104.57499999999999,742.97,116
8836580877,2023-04-05T15:46:39.000+03:00,44.41436531211868,26.064571631255937,99.97,744.72,115
8836580877,2023-04-05T15:46:40.000+03:00,44.41436532695915,26.064574089658706,95.365,746.47,115
8836580877,2023-04-05T15:46:41.000+03:00,44.414365674092664,26.064576317416677,90.75999999999999,748.2200000000001,115
8836580877,2023-04-05T15:46:42.000+03:00,44.41436642233144,26.06457829910103,86.155,749.97,115
8836580877,2023-04-05T15:46:43.000+03:00,44.414367646603466,26.064580016007163,81.55,751.72,114
8836580877,2023-04-05T15:46:44.000+03:00,44.41436942903287,26.064581445838073,76.945,753.47,114
8836580877,2023-04-05T15:46:45.000+03:00,44.414371860147064,26.064582562332408,72.34,755.2200000000001,114
8836580877,2023-04-05T15:46:46.000+03:00,44.41437504023123,26.064583334830193,67.735,756.97,114
8836580877,2023-04-05T15:46:47.000+03:00,44.414379080853344,26.064583727768067,63.129999999999995,758.72,114
8836580877,2023-04-05T15:46:48.000+03:00,44.41438410658661,26.064583700094534,58.525000000000006,760.4700000000001,114
8836580877,2023-04-05T15:46:49.000+03:00,44.414390256959756,26.06458320459425,53.92,762.21,114
8836580877,2023-04-05T15:46:50.000+03:00,44.41439768867035,26.064582187108606,49.315,763.95,114
8836580877,2023-04-05T15:46:51.000+03:00,44.41440657810163,26.064580585637906,44.71000000000001,765.69,114
8836580877,2023-04-05T15:46:52.000+03:00,44.414417124189114,26.064578329308063,40.105000000000004,767.44,114
8836580877,2023-04-05T15:46:53.000+03:00,44.41442955169082,26.064575337182063,35.5,769.1800000000001,115
8836580877,2023-04-05T15:46:54.000+03:00,44.41444411492262,26.06457151689335,57.1,770.9200000000001,115
8836580877,2023-04-05T15:46:55.000+03:00,44.41445733745595,26.06456641909676,65.09,772.66,115
8836580877,2023-04-05T15:46:56.000+03:00,44.414467327119446,26.06455999992537,69.8,774.4100000000001,116
8836580877,2023-04-05T15:46:57.000+03:00,44.414472683852125,26.06455232145595,72.5,776.1600000000001,116
8836580877,2023-04-05T15:46:58.000+03:00,44.41447216705796,26.064542952403766,132.5,777.94,117
8836580877,2023-04-05T15:46:59.000+03:00,44.41446914276532,26.064531909612132,137.0,779.73,117
8836580877,2023-04-05T15:47:00.000+03:00,44.414463366240305,26.064518504265187,141.8,781.58,117
8836580877,2023-04-05T15:47:01.000+03:00,44.41445430136697,26.064502592223082,146.6,783.4100000000001,117
8836580877,2023-04-05T15:47:02.000+03:00,44.41444107309238,26.064483673092937,151.8,785.24,117
8836580877,2023-04-05T15:47:03.000+03:00,44.414422622721176,26.06446126515851,157.3,787.0600000000001,117
8836580877,2023-04-05T15:47:04.000+03:00,44.41440109613823,26.06443793027224,163.1,788.8600000000001,118
8836580877,2023-04-05T15:47:05.000+03:00,44.41437626928011,26.064413752766317,169.1,790.6300000000001,118
8836580877,2023-04-05T15:47:06.000+03:00,44.414348135609124,26.064388848151257,175.0,792.42,118
8836580877,2023-04-05T15:47:07.000+03:00,44.41431747597348,26.064363427835858,181.1,794.27,118
8836580877,2023-04-05T15:47:08.000+03:00,44.414284617236035,26.064337641831564,186.8,796.21,118
8836580877,2023-04-05T15:47:09.000+03:00,44.414250374440485,26.06431157465363,192.6,798.0100000000001,119
8836580877,2023-04-05T15:47:10.000+03:00,44.41421498700124,26.064285398139408,203.17777777777778,799.88,120
8836580877,2023-04-05T15:47:11.000+03:00,44.41417904416894,26.064259340633715,213.75555555555556,801.7500000000001,121
8836580877,2023-04-05T15:47:12.000+03:00,44.41414313862421,26.064233639202183,224.33333333333334,803.6000000000001,121
8836580877,2023-04-05T15:47:13.000+03:00,44.41410787979354,26.064208545254377,234.9111111111111,805.4200000000001,121
8836580877,2023-04-05T15:47:14.000+03:00,44.41407390826242,26.064184330792134,245.48888888888888,807.2400000000001,121
8836580877,2023-04-05T15:47:15.000+03:00,44.41404191168125,26.06416129546493,256.06666666666666,809.0600000000001,121
8836580877,2023-04-05T15:47:16.000+03:00,44.41401264262513,26.06413977464677,266.64444444444445,810.88,121
8836580877,2023-04-05T15:47:17.000+03:00,44.413986938951034,26.064120148790053,277.22222222222223,812.7,119
8836580877,2023-04-05T15:47:18.000+03:00,44.413965747298455,26.06410285436232,287.8,814.52,118
8836580877,2023-04-05T15:47:19.000+03:00,44.41395015050662,26.06408839673421,291.3,816.3300000000002,116
8836580877,2023-04-05T15:47:20.000+03:00,44.41394065076799,26.064077019932963,294.8,818.1400000000001,115
8836580877,2023-04-05T15:47:21.000+03:00,44.413937975279566,26.064069080339603,290.1,819.9400000000002,114
8836580877,2023-04-05T15:47:22.000+03:00,44.41394140501942,26.064064196199254,294.33333333333337,821.74,114
8836580877,2023-04-05T15:47:23.000+03:00,44.41395045552937,26.06406220770181,298.56666666666666,823.5300000000001,114
8836580877,2023-04-05T15:47:24.000+03:00,44.41396479642942,26.064063043982088,302.8,825.37,113
8836580877,2023-04-05T15:47:25.000+03:00,44.4139842652508,26.064066735388042,294.3,827.2,112
8836580877,2023-04-05T15:47:26.000+03:00,44.414003863186714,26.064071385684244,286.1,829.0200000000001,113
8836580877,2023-04-05T15:47:27.000+03:00,44.414019751895836,26.06407262534794,285.8,830.8200000000002,112
8836580877,2023-04-05T15:47:28.000+03:00,44.41403668281734,26.06407685907627,251.1,832.62,111
8836580877,2023-04-05T15:47:29.000+03:00,44.414054076440564,26.064082043702008,257.0,834.4200000000001,111
8836580877,2023-04-05T15:47:30.000+03:00,44.41407174840078,26.06408790403557,257.0,836.2100000000002,111
8836580877,2023-04-05T15:47:31.000+03:00,44.41408975922043,26.064094178830665,263.1,838.0200000000001,111
8836580877,2023-04-05T15:47:32.000+03:00,44.414108292184686,26.064100590661198,216.1,839.8500000000001,111
8836580877,2023-04-05T15:47:33.000+03:00,44.41412688470338,26.064106756060394,202.8,841.69,112
8836580877,2023-04-05T15:47:34.000+03:00,44.41414546244881,26.064112401931933,198.5,843.5400000000001,112
8836580877,2023-04-05T15:47:35.000+03:00,44.41416402538795,26.064117296943515,199.3,845.4000000000001,113
8836580877,2023-04-05T15:47:36.000+03:00,44.41418212652064,26.06412144667754,200.0,847.2700000000001,113
8836580877,2023-04-05T15:47:37.000+03:00,44.41419922346592,26.064124880608315,202.1,849.1400000000001,113
8836580877,2023-04-05T15:47:38.000+03:00,44.41421477536042,26.064127461794826,205.3,851.0200000000001,114
8836580877,2023-04-05T15:47:39.000+03:00,44.41422859319882,26.06412930343782,208.49,852.9100000000001,114
8836580877,2023-04-05T15:47:40.000+03:00,44.41423998991868,26.064130433632865,212.09,854.8100000000001,114
8836580877,2023-04-05T15:47:41.000+03:00,44.4142484166594,26.064130933296582,216.49,856.69,114
8836580877,2023-04-05T15:47:42.000+03:00,44.414253606890625,26.06413109183052,225.5,858.5500000000001,114
8836580877,2023-04-05T15:47:43.000+03:00,44.41425561968032,26.064130914289972,239.1,860.3900000000001,114
8836580877,2023-04-05T15:47:48.000+03:00,44.414447834835016,26.064093863139938,230.63846153846154,869.5200000000001,114
8836580877,2023-04-05T15:47:53.000+03:00,44.414640049989714,26.064056811989904,222.1769230769231,878.63,115
8836580877,2023-04-05T15:47:58.000+03:00,44.41483226514442,26.06401976083987,213.71538461538464,887.73,115
8836580877,2023-04-05T15:48:03.000+03:00,44.41502448029912,26.063982709689835,205.25384615384618,896.8300000000002,115
8836580877,2023-04-05T15:48:08.000+03:00,44.41521669545382,26.0639456585398,196.7923076923077,905.9300000000002,118
8836580877,2023-04-05T15:48:13.000+03:00,44.41540891060852,26.063908607389767,188.33076923076925,915.0300000000001,118
8836580877,2023-04-05T15:48:18.000+03:00,44.415601125763224,26.063871556239732,179.8692307692308,924.1300000000001,118
8836580877,2023-04-05T15:48:23.000+03:00,44.41579334091792,26.0638345050897,171.40769230769232,933.2400000000001,119
8836580877,2023-04-05T15:48:28.000+03:00,44.41598555607263,26.06379745393967,162.94615384615383,942.34,116
8836580877,2023-04-05T15:48:33.000+03:00,44.416177771227325,26.063760402789637,154.48461538461538,951.44,116
8836580877,2023-04-05T15:48:35.000+03:00,44.41625465728921,26.063745582329624,151.1,955.08,116
8836580877,2023-04-05T15:48:36.000+03:00,44.41625465729052,26.06374558233008,155.1,956.9000000000001,116
8836580877,2023-04-05T15:48:37.000+03:00,44.41625521796871,26.063745891808228,149.5,958.7200000000001,116
8836580877,2023-04-05T15:48:42.000+03:00,44.41631477854655,26.06375648562494,148.63210702341138,967.9700000000001,117
8836580877,2023-04-05T15:48:47.000+03:00,44.41637433912439,26.06376707944165,147.76421404682276,977.1300000000001,117
8836580877,2023-04-05T15:48:52.000+03:00,44.41643389970223,26.06377767325836,146.89632107023414,986.26,117
8836580877,2023-04-05T15:48:57.000+03:00,44.416493460280066,26.063788267075072,146.02842809364552,994.7,117
8836580877,2023-04-05T15:49:00.272+03:00,44.41653243201619,26.063795198831684,145.4605475040258,1000.0,117
8836580877,2023-04-05T15:49:02.000+03:00,44.41655302085791,26.063798860891783,145.1605351170569,1002.8000000000002,116
8836580877,2023-04-05T15:49:07.000+03:00,44.41661258143575,26.063809454708494,144.29264214046827,1011.02,116
8836580877,2023-04-05T15:49:12.000+03:00,44.416672142013596,26.063820048525205,143.42474916387965,1019.2600000000001,115
8836580877,2023-04-05T15:49:17.000+03:00,44.416731702591434,26.063830642341916,142.55685618729103,1027.5800000000002,114
8836580877,2023-04-05T15:49:22.000+03:00,44.41679126316928,26.063841236158627,141.6889632107024,1035.98,114
8836580877,2023-04-05T15:49:27.000+03:00,44.41685082374712,26.063851829975338,140.8210702341138,1044.47,112
8836580877,2023-04-05T15:49:32.000+03:00,44.416910384324964,26.06386242379205,139.95317725752517,1053.04,113
8836580877,2023-04-05T15:49:37.000+03:00,44.4169699449028,26.06387301760876,139.08528428093655,1061.67,115
8836580877,2023-04-05T15:49:42.000+03:00,44.41702950548065,26.06388361142547,138.21739130434793,1070.36,117
8836580877,2023-04-05T15:49:47.000+03:00,44.41708906605849,26.063894205242182,137.3494983277593,1079.0900000000001,118
8836580877,2023-04-05T15:49:52.000+03:00,44.41714862663633,26.063904799058893,136.48160535117069,1087.8600000000001,117
8836580877,2023-04-05T15:49:57.000+03:00,44.41720818721417,26.063915392875604,135.61371237458206,1096.68,118
8836580877,2023-04-05T15:50:02.000+03:00,44.41726774779202,26.063925986692315,134.74581939799344,1105.5300000000002,118
8836580877,2023-04-05T15:50:07.000+03:00,44.417327308369856,26.063936580509026,133.87792642140482,1114.4,118
8836580877,2023-04-05T15:50:12.000+03:00,44.4173868689477,26.063947174325737,133.0100334448162,1123.31,118
8836580877,2023-04-05T15:50:17.000+03:00,44.41744642952554,26.063957768142448,132.14214046822758,1132.2400000000002,117
8836580877,2023-04-05T15:50:22.000+03:00,44.417505990103386,26.06396836195916,131.27424749163896,1141.19,116
8836580877,2023-04-05T15:50:27.000+03:00,44.417565550681225,26.06397895577587,130.40635451505034,1150.14,117
8836580877,2023-04-05T15:50:32.000+03:00,44.41762511125907,26.06398954959258,129.53846153846172,1159.1100000000001,116
8836580877,2023-04-05T15:50:37.000+03:00,44.41768467183691,26.06400014340929,128.6705685618731,1168.01,117
8836580877,2023-04-05T15:50:42.000+03:00,44.417744232414755,26.064010737226003,127.80267558528446,1176.9200000000003,117
8836580877,2023-04-05T15:50:47.000+03:00,44.41780379299259,26.064021331042714,126.93478260869583,1185.7900000000002,117
8836580877,2023-04-05T15:50:52.000+03:00,44.41786335357044,26.064031924859425,126.06688963210719,1194.5700000000002,115
8836580877,2023-04-05T15:50:57.000+03:00,44.41792291414828,26.064042518676136,125.19899665551856,1203.3600000000001,114
8836580877,2023-04-05T15:51:02.000+03:00,44.417982474726124,26.064053112492847,124.33110367892992,1212.18,113
8836580877,2023-04-05T15:51:07.000+03:00,44.41804203530396,26.064063706309557,123.46321070234129,1221.0400000000002,113
8836580877,2023-04-05T15:51:12.000+03:00,44.41810159588181,26.06407430012627,122.59531772575265,1229.9300000000003,113
8836580877,2023-04-05T15:51:17.000+03:00,44.41816115645965,26.06408489394298,121.72742474916402,1238.8300000000002,113
8836580877,2023-04-05T15:51:22.000+03:00,44.41822071703749,26.06409548775969,120.85953177257538,1247.77,114
8836580877,2023-04-05T15:51:27.000+03:00,44.41828027761533,26.0641060815764,119.99163879598674,1256.72,115
8836580877,2023-04-05T15:51:32.000+03:00,44.41833983819318,26.064116675393112,119.12374581939811,1265.6900000000003,114
8836580877,2023-04-05T15:51:37.000+03:00,44.418399398771015,26.064127269209827,118.25585284280947,1274.68,113
8836580877,2023-04-05T15:51:42.000+03:00,44.41845895934886,26.064137863026538,117.38795986622084,1283.67,113
8836580877,2023-04-05T15:51:47.000+03:00,44.4185185199267,26.06414845684325,116.5200668896322,1292.69,113
8836580877,2023-04-05T15:51:52.000+03:00,44.418578080504545,26.064159050659963,115.65217391304357,1301.7200000000003,113
8836580877,2023-04-05T15:51:57.000+03:00,44.418637641082384,26.064169644476678,114.78428093645493,1310.74,112
8836580877,2023-04-05T15:52:02.000+03:00,44.41869720166023,26.06418023829339,113.9163879598663,1319.73,113
8836580877,2023-04-05T15:52:07.000+03:00,44.41875676223807,26.0641908321101,113.04849498327766,1328.68,115
8836580877,2023-04-05T15:52:12.000+03:00,44.418816322815914,26.064201425926814,112.18060200668903,1337.63,115
8836580877,2023-04-05T15:52:17.000+03:00,44.41887588339375,26.06421201974353,111.3127090301004,1346.6100000000001,114
8836580877,2023-04-05T15:52:22.000+03:00,44.4189354439716,26.06422261356024,110.44481605351176,1355.6000000000001,114
8836580877,2023-04-05T15:52:27.000+03:00,44.41899500454944,26.06423320737695,109.57692307692312,1364.6100000000001,115
8836580877,2023-04-05T15:52:32.000+03:00,44.41905456512728,26.064243801193665,108.70903010033449,1373.63,116
8836580877,2023-04-05T15:52:37.000+03:00,44.41911412570512,26.06425439501038,107.84113712374585,1382.65,115
8836580877,2023-04-05T15:52:42.000+03:00,44.41917368628297,26.06426498882709,106.97324414715722,1391.63,115
8836580877,2023-04-05T15:52:47.000+03:00,44.419233246860806,26.064275582643802,106.10535117056858,1400.5800000000002,115
8836580877,2023-04-05T15:52:52.000+03:00,44.41929280743865,26.064286176460516,105.23745819397995,1409.54,113
8836580877,2023-04-05T15:52:57.000+03:00,44.41935236801649,26.06429677027723,104.36956521739131,1418.5200000000002,111
8836580877,2023-04-05T15:53:02.000+03:00,44.419411928594336,26.064307364093942,103.50167224080268,1427.51,110
8836580877,2023-04-05T15:53:07.000+03:00,44.419471489172174,26.064317957910653,102.63377926421404,1436.5100000000002,111
8836580877,2023-04-05T15:53:12.000+03:00,44.41953104975002,26.064328551727368,101.7658862876254,1445.4300000000003,111
8836580877,2023-04-05T15:53:17.000+03:00,44.41959061032786,26.064339145544082,100.89799331103679,1454.3500000000001,109
8836580877,2023-04-05T15:53:22.000+03:00,44.419650170905705,26.064349739360793,100.03010033444815,1463.3100000000002,108
8836580877,2023-04-05T15:53:27.000+03:00,44.41970973148354,26.064360333177504,99.16220735785953,1472.49,110
8836580877,2023-04-05T15:53:32.000+03:00,44.41976929206139,26.06437092699422,98.2943143812709,1481.6200000000001,110
8836580877,2023-04-05T15:53:36.000+03:00,44.41981694052366,26.06437940204759,97.6,1488.9,108
8836580877,2023-04-05T15:53:37.000+03:00,44.419816940523816,26.064379402049816,87.8,1490.72,108
8836580877,2023-04-05T15:53:38.000+03:00,44.41981734361349,26.064380819017885,88.8,1492.5700000000002,108
8836580877,2023-04-05T15:53:39.000+03:00,44.41981900285964,26.06438316789508,92.0,1494.42,109
8836580877,2023-04-05T15:53:40.000+03:00,44.419822114935144,26.064386662797222,94.5,1496.2600000000002,109
8836580877,2023-04-05T15:53:41.000+03:00,44.419826399904885,26.06439146401976,97.3,1498.0800000000002,110
8836580877,2023-04-05T15:53:42.000+03:00,44.41983144295277,26.064397970597717,99.6,1499.9000000000003,110
8836580877,2023-04-05T15:53:43.000+03:00,44.419836856197556,26.06440542092845,101.3,1501.7600000000002,110
8836580877,2023-04-05T15:53:44.000+03:00,44.41984260648057,26.064413534901696,101.0,1503.6100000000001,110
8836580877,2023-04-05T15:53:45.000+03:00,44.41984881483442,26.064422259258784,100.95,1503.6100000000001,111
8836580877,2023-04-05T15:53:46.000+03:00,44.41985542769246,26.064431517049368,100.9,1505.47,111
8836580877,2023-04-05T15:53:47.000+03:00,44.419862398969045,26.06444124187761,100.85,1507.3300000000002,112
8836580877,2023-04-05T15:53:48.000+03:00,44.41986968884513,26.064451376187783,100.8,1509.17,111
8836580877,2023-04-05T15:53:49.000+03:00,44.41987726277692,26.064461869864648,100.75,1511.0100000000002,111
8836580877,2023-04-05T15:53:50.000+03:00,44.41988509068193,26.064472679084467,100.69999999999999,1512.8500000000001,111
8836580877,2023-04-05T15:53:51.000+03:00,44.41989314626739,26.064483765366816,100.64999999999999,1514.68,112
8836580877,2023-04-05T15:53:52.000+03:00,44.4199014064731,26.064495094788164,100.6,1516.52,112
8836580877,2023-04-05T15:53:53.000+03:00,44.41990985100723,26.064506637326534,98.3,1518.3600000000001,113
8836580877,2023-04-05T15:53:54.000+03:00,44.419918349864155,26.06451843817813,96.3,1520.19,113
8836580877,2023-04-05T15:53:55.000+03:00,44.41992677888125,26.064530563836012,95.6,1522.0300000000002,113
8836580877,2023-04-05T15:53:56.000+03:00,44.419934954794506,26.06454312067008,95.3,1523.88,113
8836580877,2023-04-05T15:53:57.000+03:00,44.41994287338843,26.06455616922116,95.8,1525.7500000000002,113
8836580877,2023-04-05T15:53:58.000+03:00,44.41995064062062,26.064569685003892,96.3,1527.6200000000001,113
8836580877,2023-04-05T15:53:59.000+03:00,44.41995829982809,26.064583655360117,96.8,1529.4800000000002,113
8836580877,2023-04-05T15:54:00.000+03:00,44.419965991881035,26.064598015634335,96.5,1531.3400000000001,113
8836580877,2023-04-05T15:54:01.000+03:00,44.419973750005134,26.06461266233,96.0,1533.2,113
8836580877,2023-04-05T15:54:02.000+03:00,44.41998169224849,26.06462751880105,95.8,1535.0700000000002,112
8836580877,2023-04-05T15:54:03.000+03:00,44.41998977114646,26.06464256856206,95.6,1536.9400000000003,112
8836580877,2023-04-05T15:54:04.000+03:00,44.419997965864894,26.064657774038142,95.6,1538.8300000000002,112
8836580877,2023-04-05T15:54:05.000+03:00,44.420006416317875,26.06467312800534,95.8,1540.71,112
8836580877,2023-04-05T15:54:06.000+03:00,44.420015356978844,26.064688698522307,95.8,1542.6000000000001,112
8836580877,2023-04-05T15:54:07.000+03:00,44.42002502656597,26.064704391084184,95.6,1544.48,112
8836580877,2023-04-05T15:54:08.000+03:00,44.42003436372997,26.06472016587497,95.3,1546.3500000000001,112
8836580877,2023-04-05T15:54:09.000+03:00,44.42004295037183,26.06473588110991,95.0,1548.2200000000003,112
8836580877,2023-04-05T15:54:10.000+03:00,44.42005137308405,26.06475153829359,94.5,1550.1100000000001,112
8836580877,2023-04-05T15:54:11.000+03:00,44.420059647354314,26.06476711083247,93.8,1552.0400000000002,112
8836580877,2023-04-05T15:54:12.000+03:00,44.42006785019693,26.064782548353644,93.5,1553.97,112
8836580877,2023-04-05T15:54:13.000+03:00,44.420076118583665,26.064797787261675,93.0,1555.9,112
8836580877,2023-04-05T15:54:14.000+03:00,44.42008467211932,26.064812731962757,92.6,1557.8300000000002,112
8836580877,2023-04-05T15:54:15.000+03:00,44.420093693439185,26.064827254466657,92.1,1559.76,112
8836580877,2023-04-05T15:54:16.000+03:00,44.420103392787716,26.064841329153374,92.5,1561.6800000000003,112
8836580877,2023-04-05T15:54:17.000+03:00,44.420113792759295,26.064855083884144,94.0,1563.6100000000001,112
8836580877,2023-04-05T15:54:18.000+03:00,44.4201249562428,26.064868745483523,95.8,1565.52,112
8836580877,2023-04-05T15:54:19.000+03:00,44.4201368921608,26.06488251304604,94.6,1567.43,111
8836580877,2023-04-05T15:54:20.000+03:00,44.4201495092382,26.06489655435779,94.6,1569.3300000000002,111
8836580877,2023-04-05T15:54:21.000+03:00,44.42016266619495,26.064911032133583,94.6,1571.23,111
8836580877,2023-04-05T15:54:22.000+03:00,44.420176303833735,26.06492596231739,95.0,1573.13,110
8836580877,2023-04-05T15:54:23.000+03:00,44.420190484192084,26.06494139852439,95.6,1575.0400000000002,110
8836580877,2023-04-05T15:54:24.000+03:00,44.4202048353095,26.064957473860577,95.6,1576.96,109
8836580877,2023-04-05T15:54:25.000+03:00,44.420219041219255,26.064974025507404,94.6,1578.8300000000002,109
8836580877,2023-04-05T15:54:26.000+03:00,44.420232591458166,26.064991046568373,92.3,1580.67,109
8836580877,2023-04-05T15:54:27.000+03:00,44.42024477915736,26.065008604377386,91.1,1582.54,109
8836580877,2023-04-05T15:54:28.000+03:00,44.420255646255846,26.065026715688077,90.6,1584.3600000000001,109
8836580877,2023-04-05T15:54:29.000+03:00,44.420265201751036,26.065045543780954,90.0,1586.15,109
8836580877,2023-04-05T15:54:30.000+03:00,44.420273424580316,26.065065035704624,89.6,1587.9,109
8836580877,2023-04-05T15:54:31.000+03:00,44.420280090654195,26.065085135704315,89.0,1589.6500000000003,109
8836580877,2023-04-05T15:54:32.000+03:00,44.42028507677967,26.065105886642186,89.3,1591.4,109
8836580877,2023-04-05T15:54:33.000+03:00,44.42028812414902,26.06512747057964,96.3,1593.16,109
8836580877,2023-04-05T15:54:34.000+03:00,44.42028956378245,26.065149886957343,42.6,1594.9300000000003,110
8836580877,2023-04-05T15:54:35.000+03:00,44.420290704768384,26.065172390052147,19.0,1596.71,110
8836580877,2023-04-05T15:54:36.000+03:00,44.420291647389234,26.06519497764655,-15.39,1598.5,110
8836580877,2023-04-05T15:54:37.000+03:00,44.42029264924613,26.06521754559404,0.6,1600.2800000000002,111
8836580877,2023-04-05T15:54:38.000+03:00,44.420293922463955,26.065240189624753,21.3,1602.06,111
8836580877,2023-04-05T15:54:39.000+03:00,44.420295181358526,26.06526291271561,29.3,1603.8700000000001,111
8836580877,2023-04-05T15:54:40.000+03:00,44.42029627209021,26.06528565849196,34.29,1605.69,111
8836580877,2023-04-05T15:54:41.000+03:00,44.42029709991396,26.065308321017522,37.59,1607.5400000000002,111
8836580877,2023-04-05T15:54:42.000+03:00,44.42029765089248,26.06533091368849,39.59,1609.4,110
8836580877,2023-04-05T15:54:43.000+03:00,44.4202980250264,26.06535328640789,40.59,1611.2700000000002,110
8836580877,2023-04-05T15:54:44.000+03:00,44.42029820834306,26.065375520384855,41.49,1613.15,110
8836580877,2023-04-05T15:54:45.000+03:00,44.42029819290515,26.0653973242066,41.79,1615.04,110
8836580877,2023-04-05T15:54:46.000+03:00,44.420298123425404,26.065418567398837,42.29,1616.92,111
8836580877,2023-04-05T15:54:47.000+03:00,44.42029815734357,26.06543918230122,42.6,1618.8300000000002,111
8836580877,2023-04-05T15:54:48.000+03:00,44.42029841400272,26.06545891273349,43.3,1620.74,111
8836580877,2023-04-05T15:54:49.000+03:00,44.42029892035813,26.065477925260563,44.6,1622.6600000000003,111
8836580877,2023-04-05T15:54:50.000+03:00,44.42029958829318,26.06549672153085,46.1,1624.5900000000001,111
8836580877,2023-04-05T15:54:51.000+03:00,44.420300600241994,26.06551552464226,47.1,1626.5100000000002,111
8836580877,2023-04-05T15:54:52.000+03:00,44.42030257052666,26.06553435185369,48.3,1628.3200000000002,112
8836580877,2023-04-05T15:54:53.000+03:00,44.42030597850178,26.065553155167162,49.6,1630.1100000000001,112
8836580877,2023-04-05T15:54:54.000+03:00,44.42031007433082,26.065571831493468,48.6,1631.91,112
8836580877,2023-04-05T15:54:55.000+03:00,44.420314993989344,26.065590375345884,69.09,1633.72,111
8836580877,2023-04-05T15:54:56.000+03:00,44.42032091878746,26.06560877540558,74.5,1635.5400000000002,111
8836580877,2023-04-05T15:54:57.000+03:00,44.420328148407386,26.065627024380007,68.8,1637.3600000000001,111
8836580877,2023-04-05T15:54:58.000+03:00,44.42033650091516,26.065645280333896,57.3,1639.16,111
8836580877,2023-04-05T15:54:59.000+03:00,44.42034600749397,26.06566363321341,48.59,1640.97,111
8836580877,2023-04-05T15:55:00.000+03:00,44.4203566589815,26.065682152762612,45.3,1642.77,110
8836580877,2023-04-05T15:55:01.000+03:00,44.42036861040813,26.065700901325958,44.195,1644.5700000000002,111
8836580877,2023-04-05T15:55:02.000+03:00,44.420381909611876,26.06572003605097,43.09,1646.3700000000001,113
8836580877,2023-04-05T15:55:03.000+03:00,44.42039664086967,26.065739743016017,43.195,1648.23,114
8836580877,2023-04-05T15:55:04.000+03:00,44.4204126737549,26.065760095654763,43.3,1650.1800000000003,113
8836580877,2023-04-05T15:55:05.000+03:00,44.4204299186314,26.065781171862167,46.59,1652.0800000000002,112
8836580877,2023-04-05T15:55:06.000+03:00,44.42044739278291,26.065802544901064,67.795,1653.9800000000002,110
8836580877,2023-04-05T15:55:07.000+03:00,44.420464061978016,26.06582390221665,89.0,1656.0100000000002,108
8836580877,2023-04-05T15:55:08.000+03:00,44.42047887350603,26.06584493089315,97.0,1658.0000000000002,107
8836580877,2023-04-05T15:55:09.000+03:00,44.4204916257696,26.065865634520755,96.4,1659.9,106
8836580877,2023-04-05T15:55:10.000+03:00,44.42050200650977,26.065886019742322,95.8,1661.8100000000002,106
8836580877,2023-04-05T15:55:11.000+03:00,44.420509622536635,26.06590608551866,97.3,1663.7100000000003,105
8836580877,2023-04-05T15:55:12.000+03:00,44.42051398806952,26.065925718552798,98.94999999999999,1665.5900000000001,104
8836580877,2023-04-05T15:55:13.000+03:00,44.42051505445496,26.065944928153193,100.6,1667.5000000000002,103
8836580877,2023-04-05T15:55:14.000+03:00,44.42051266905453,26.06596371258342,101.1,1669.39,102
8836580877,2023-04-05T15:55:15.000+03:00,44.420506947509914,26.065982226082692,101.5,1671.27,103
8836580877,2023-04-05T15:55:16.000+03:00,44.42049897502659,26.066000429778843,101.6,1673.14,103
8836580877,2023-04-05T15:55:17.000+03:00,44.420488431399114,26.06601843548227,101.8,1675.0900000000001,103
8836580877,2023-04-05T15:55:18.000+03:00,44.42047543054509,26.066036292154394,101.8,1677.0300000000002,103
8836580877,2023-04-05T15:55:19.000+03:00,44.4204600440304,26.066054133855516,101.8,1679.0400000000002,103
8836580877,2023-04-05T15:55:20.000+03:00,44.420443343030776,26.066071646012528,102.5,1681.0700000000002,103
8836580877,2023-04-05T15:55:21.000+03:00,44.420425184629764,26.06608905489194,103.3,1683.2,103
8836580877,2023-04-05T15:55:22.000+03:00,44.42040640136591,26.066106520566674,103.1,1685.3300000000002,103
8836580877,2023-04-05T15:55:23.000+03:00,44.420387602651765,26.06612412738767,103.0,1687.54,103
8836580877,2023-04-05T15:55:24.000+03:00,44.42036923242407,26.066142146132627,102.8,1689.8200000000002,104
8836580877,2023-04-05T15:55:25.000+03:00,44.420351891450274,26.066160595834884,102.6,1692.1100000000001,106
8836580877,2023-04-05T15:55:26.000+03:00,44.420336500391265,26.06617848755718,102.6,1694.4500000000003,107
8836580877,2023-04-05T15:55:27.000+03:00,44.420320865700496,26.066195676802305,102.0,1696.7900000000002,107
8836580877,2023-04-05T15:55:28.000+03:00,44.42030454791868,26.066211523825285,100.6,1699.1900000000003,108
8836580877,2023-04-05T15:55:29.000+03:00,44.420287099745124,26.066226015553,124.8,1701.5900000000001,108
8836580877,2023-04-05T15:55:30.000+03:00,44.420268179979026,26.066239448018568,158.6,1703.99,109
8836580877,2023-04-05T15:55:31.000+03:00,44.42024890831911,26.066252688911128,75.3,1706.3700000000001,109
8836580877,2023-04-05T15:55:32.000+03:00,44.420229326816084,26.06626548155646,64.5,1708.7400000000002,109
8836580877,2023-04-05T15:55:33.000+03:00,44.420209548183635,26.066277906510216,70.3,1710.8700000000001,109
8836580877,2023-04-05T15:55:34.000+03:00,44.42018958127807,26.06628992738766,72.59,1712.88,110
8836580877,2023-04-05T15:55:35.000+03:00,44.42016952697186,26.066301581357035,82.09333333333333,1714.9200000000003,110
8836580877,2023-04-05T15:55:36.000+03:00,44.42014946543215,26.066312939295596,91.59666666666666,1716.9500000000003,111
8836580877,2023-04-05T15:55:37.000+03:00,44.420129439393286,26.066324048151866,101.1,1718.9900000000002,112
8836580877,2023-04-05T15:55:38.000+03:00,44.42010947271235,26.066334941201372,93.8,1720.88,112
8836580877,2023-04-05T15:55:39.000+03:00,44.4200896484224,26.066345601315856,88.5,1722.7700000000002,113
8836580877,2023-04-05T15:55:40.000+03:00,44.42007005222384,26.06635599750735,86.1,1724.6500000000003,113
8836580877,2023-04-05T15:55:41.000+03:00,44.42005076895021,26.066366111778432,85.3,1726.5400000000002,113
8836580877,2023-04-05T15:55:42.000+03:00,44.4200319745734,26.066375863787453,85.8,1728.4400000000003,113
8836580877,2023-04-05T15:55:43.000+03:00,44.42001366629668,26.066385254716728,86.1,1730.3500000000001,114
8836580877,2023-04-05T15:55:44.000+03:00,44.41999589697321,26.066394253638403,86.1,1732.39,114
8836580877,2023-04-05T15:55:45.000+03:00,44.419978708729666,26.06640284094883,85.6,1734.39,114
8836580877,2023-04-05T15:55:46.000+03:00,44.41996207722793,26.066410987421833,85.3,1736.39,114
8836580877,2023-04-05T15:55:47.000+03:00,44.419946066686734,26.066418610202046,85.1,1738.38,114
8836580877,2023-04-05T15:55:48.000+03:00,44.41993073407437,26.066425548125153,85.3,1740.3600000000001,113
8836580877,2023-04-05T15:55:49.000+03:00,44.4199160250435,26.066431624709516,85.5,1742.3300000000002,112
8836580877,2023-04-05T15:55:50.000+03:00,44.41990192484263,26.066436560132676,85.5,1744.2900000000002,112
8836580877,2023-04-05T15:55:51.000+03:00,44.419888504830645,26.066440161650725,85.8,1746.2400000000002,113
8836580877,2023-04-05T15:55:52.000+03:00,44.4198758922094,26.066442345093712,85.8,1748.16,114
8836580877,2023-04-05T15:55:53.000+03:00,44.41986380851784,26.066444756869753,85.89999999999999,1750.0600000000002,114
8836580877,2023-04-05T15:55:54.000+03:00,44.41985175941506,26.066447417033938,86.0,1751.95,115
8836580877,2023-04-05T15:55:55.000+03:00,44.41983967534843,26.066450278392296,86.1,1753.8600000000001,115
8836580877,2023-04-05T15:55:56.000+03:00,44.4198275420322,26.06645330548415,86.0,1755.7300000000002,115
8836580877,2023-04-05T15:55:57.000+03:00,44.419815357875024,26.066456478453016,85.89999999999999,1757.6000000000001,116
8836580877,2023-04-05T15:55:58.000+03:00,44.4198031210956,26.066459778235945,85.8,1759.47,116
8836580877,2023-04-05T15:55:59.000+03:00,44.419790829718444,26.066463186475033,85.69999999999999,1761.3500000000001,116
8836580877,2023-04-05T15:56:00.000+03:00,44.41977848156899,26.066466685433554,85.6,1763.2200000000003,116
8836580877,2023-04-05T15:56:01.000+03:00,44.41976607426793,26.066470257916166,84.8,1765.1000000000001,117
8836580877,2023-04-05T15:56:02.000+03:00,44.41975360212136,26.066473879018293,86.3,1766.9700000000003,117
8836580877,2023-04-05T15:56:03.000+03:00,44.41974104858455,26.066477567562735,87.8,1768.8500000000004,117
8836580877,2023-04-05T15:56:04.000+03:00,44.41972839579618,26.066481343755378,89.3,1770.72,117
8836580877,2023-04-05T15:56:05.000+03:00,44.41971562439384,26.066485229384625,89.3,1772.6000000000001,117
8836580877,2023-04-05T15:56:06.000+03:00,44.41970265960759,26.06648937284953,87.6,1774.4700000000003,117
8836580877,2023-04-05T15:56:07.000+03:00,44.41968941781367,26.066494100711026,87.39999999999999,1776.3500000000001,118
8836580877,2023-04-05T15:56:08.000+03:00,44.41967590788179,26.06649943645125,87.19999999999999,1778.22,118
8836580877,2023-04-05T15:56:09.000+03:00,44.41966213666158,26.066505405105755,87.0,1780.1000000000001,117
8836580877,2023-04-05T15:56:10.000+03:00,44.419648109213945,26.06651203320232,86.8,1781.9900000000002,117
8836580877,2023-04-05T15:56:11.000+03:00,44.41963382900834,26.066519348710774,86.6,1783.8700000000001,117
8836580877,2023-04-05T15:56:12.000+03:00,44.41961929809143,26.066527381002107,86.39999999999999,1785.7500000000002,117
8836580877,2023-04-05T15:56:13.000+03:00,44.41960451723163,26.066536160815353,86.2,1787.63,116
8836580877,2023-04-05T15:56:14.000+03:00,44.419589486043094,26.06654572023111,86.0,1789.5200000000002,116
8836580877,2023-04-05T15:56:15.000+03:00,44.419574203092516,26.066556092650632,85.8,1791.4,115
8836580877,2023-04-05T15:56:16.000+03:00,44.419558665991026,26.06656731277968,85.6,1793.2800000000002,115
8836580877,2023-04-05T15:56:17.000+03:00,44.41954287147361,26.066579416616463,85.4,1795.16,116
8836580877,2023-04-05T15:56:18.000+03:00,44.41952681546769,26.066592441443,85.2,1797.0300000000002,116
8836580877,2023-04-05T15:56:19.000+03:00,44.41951049315254,26.066606425819465,85.0,1798.9100000000003,116
8836580877,2023-04-05T15:56:20.000+03:00,44.419493899010696,26.066621409581096,83.8,1800.78,116
8836580877,2023-04-05T15:56:21.000+03:00,44.41947716330084,26.066637427329503,83.0,1802.66,116
8836580877,2023-04-05T15:56:22.000+03:00,44.41946043916381,26.066654421121807,84.5,1804.5600000000002,117
8836580877,2023-04-05T15:56:23.000+03:00,44.419443767362935,26.066672013648244,85.43333333333334,1806.4600000000003,117
8836580877,2023-04-05T15:56:24.000+03:00,44.41942722683115,26.066689906631918,86.36666666666666,1808.38,116
8836580877,2023-04-05T15:56:25.000+03:00,44.41941090593648,26.06670777021458,87.3,1810.3000000000002,117
8836580877,2023-04-05T15:56:26.000+03:00,44.41939490432471,26.066725236710177,87.6,1812.21,117
8836580877,2023-04-05T15:56:27.000+03:00,44.41937921066705,26.066741846510553,87.9,1814.1000000000001,117
8836580877,2023-04-05T15:56:28.000+03:00,44.419363814945484,26.066757101906624,88.2,1815.9900000000002,116
8836580877,2023-04-05T15:56:29.000+03:00,44.41934870853572,26.06677046006164,88.5,1817.8900000000003,116
8836580877,2023-04-05T15:56:30.000+03:00,44.41933388430835,26.066781324757685,89.3,1819.7900000000002,116
8836580877,2023-04-05T15:56:31.000+03:00,44.41931937372902,26.066788765443654,89.5,1821.7,116
8836580877,2023-04-05T15:56:32.000+03:00,44.419305236782094,26.066792612481915,90.1,1823.64,116
8836580877,2023-04-05T15:56:33.000+03:00,44.41929145343599,26.066795258660854,90.1,1825.5600000000002,116
8836580877,2023-04-05T15:56:34.000+03:00,44.41927793868251,26.06679718797412,89.85,1827.46,116
8836580877,2023-04-05T15:56:35.000+03:00,44.41926449578807,26.066799115280176,89.6,1829.5100000000002,116
8836580877,2023-04-05T15:56:36.000+03:00,44.41925104161688,26.06680132655443,89.07499999999999,1831.43,115
8836580877,2023-04-05T15:56:37.000+03:00,44.41923751831114,26.066804080354064,88.55,1833.3500000000004,115
8836580877,2023-04-05T15:56:38.000+03:00,44.41922387328356,26.06680761254558,88.025,1835.2400000000002,116
8836580877,2023-04-05T15:56:39.000+03:00,44.41921005842401,26.066812139732082,87.5,1837.1000000000001,116
8836580877,2023-04-05T15:56:40.000+03:00,44.41919602943795,26.06681786211084,87.1,1838.95,116
8836580877,2023-04-05T15:56:41.000+03:00,44.41918175454797,26.06682489873754,86.85,1840.78,116
8836580877,2023-04-05T15:56:42.000+03:00,44.41916722276673,26.066833461061794,86.6,1842.6200000000001,116
8836580877,2023-04-05T15:56:43.000+03:00,44.419152421114106,26.0668437849842,86.5,1844.45,117
8836580877,2023-04-05T15:56:44.000+03:00,44.41913730840691,26.06685614930487,86.3,1846.2900000000002,117
8836580877,2023-04-05T15:56:45.000+03:00,44.41912189578308,26.066870978026735,86.1,1848.13,117
8836580877,2023-04-05T15:56:46.000+03:00,44.41910616235231,26.066888747102787,86.1,1849.97,117
8836580877,2023-04-05T15:56:47.000+03:00,44.41909001391883,26.066909562439054,85.85,1851.8100000000002,116
8836580877,2023-04-05T15:56:48.000+03:00,44.419073668607076,26.066933036342625,85.6,1853.7800000000002,116
8836580877,2023-04-05T15:56:49.000+03:00,44.41905735513102,26.066958780855696,85.35,1855.63,116
8836580877,2023-04-05T15:56:50.000+03:00,44.419041315411285,26.066986404829013,85.1,1857.49,116
8836580877,2023-04-05T15:56:51.000+03:00,44.41902580758268,26.06701551063389,89.3,1859.3500000000001,116
8836580877,2023-04-05T15:56:52.000+03:00,44.4190117079039,26.06704347184914,88.8,1861.2000000000003,116
8836580877,2023-04-05T15:56:53.000+03:00,44.418999210884536,26.067068785559478,88.3,1863.0600000000002,116
8836580877,2023-04-05T15:56:54.000+03:00,44.41898807927963,26.067092100227214,88.3,1864.9900000000002,116
8836580877,2023-04-05T15:56:55.000+03:00,44.41897786009362,26.06711370435683,90.55,1866.88,116
8836580877,2023-04-05T15:56:56.000+03:00,44.41896889380543,26.067132268194385,92.8,1868.92,116
8836580877,2023-04-05T15:56:57.000+03:00,44.41896157339593,26.06714627138091,95.6,1870.8100000000002,116
8836580877,2023-04-05T15:56:58.000+03:00,44.41895647825297,26.06715415996367,95.0,1872.6600000000003,116
8836580877,2023-04-05T15:56:59.000+03:00,44.41895385637199,26.067157927518707,92.5,1874.5600000000002,116
8836580877,2023-04-05T15:57:00.000+03:00,44.41895385637199,26.067157927518707,92.5,1876.4,116
8836580877,2023-04-05T15:57:02.000+03:00,44.41895385637199,26.067157927518707,92.5,0.0,116
